{"cameraMode":{"drawMode":0,"name":"Shaded","section":"Shading Mode"},"sceneLighting":true,"audioPlay":false,"sceneViewState":{"showFog":true,"showMaterialUpdate":false,"showSkybox":true,"showFlares":true,"showImageEffects":true,"showParticleSystems":true},"in2DMode":false,"pivot":{"x":5.3181657791137699,"y":1.8260064125061036,"z":-6.936825752258301},"rotation":{"x":0.00718733249232173,"y":0.02159748785197735,"z":0.0001551449386170134,"w":-0.9997409582138062},"size":11.5573091506958,"orthographic":false}